Model,ROC_AUC_CV
XGBoost,0.9347923788714316
RandomForest,0.9288687288657396
GradientBoosting,0.9238984600938769
